test_loss,test_mae,test_mse,val_loss,val_mae,val_mse,epochs_trained
0.06531602889299393,0.1018444299697876,0.017683040350675583,0.053936395794153214,0.09039431810379028,0.013832475990056992,151
