test_loss,test_mae,test_mse,val_loss,val_mae,val_mse,epochs_trained
0.06898526102304459,0.1081998273730278,0.01850002259016037,0.04640701785683632,0.08281619846820831,0.01212294865399599,106
