test_loss,test_mae,test_mse,val_loss,val_mae,val_mse,epochs_trained
0.0132029689848423,0.09099570661783218,0.0132029689848423,0.011270888149738312,0.0803925171494484,0.011270888149738312,57
