test_loss,test_mae,test_mse,val_loss,val_mae,val_mse,epochs_trained
0.013523965142667294,0.09015867859125137,0.013523965142667294,0.01258646510541439,0.08572567999362946,0.01258646510541439,184
