test_loss,test_mae,test_mse,val_loss,val_mae,val_mse,epochs_trained
0.019640158861875534,0.1091349869966507,0.019640158861875534,0.018035460263490677,0.10240253061056137,0.018035460263490677,100
