test_loss,test_mae,test_mse,val_loss,val_mae,val_mse,epochs_trained
0.013127821497619152,0.09158729761838913,0.013127821497619152,0.010719237849116325,0.07805639505386353,0.010719237849116325,103
