test_loss,test_mae,test_mse,val_loss,val_mae,val_mse,epochs_trained
0.016477644443511963,0.09804415702819824,0.016477644443511963,0.012720719911158085,0.08842995762825012,0.012720719911158085,136
