test_loss,test_mae,test_mse,val_loss,val_mae,val_mse,epochs_trained
0.07157497853040695,0.10551706701517105,0.01940293423831463,0.033878736197948456,0.07017246633768082,0.009020733647048473,112
