test_loss,test_mae,test_mse,val_loss,val_mae,val_mse,epochs_trained
0.01794961467385292,0.10843516886234283,0.01794961467385292,0.013433830812573433,0.09258916974067688,0.013433830812573433,7
