test_loss,test_mae,test_mse,val_loss,val_mae,val_mse,epochs_trained
0.01968489959836006,0.10807186365127563,0.01968489959836006,0.013310923241078854,0.08512765914201736,0.013310923241078854,111
