test_loss,test_mae,test_mse,val_loss,val_mae,val_mse,epochs_trained
0.049073074012994766,0.09148991852998734,0.013147682882845402,0.040405288338661194,0.08132972568273544,0.011118101887404919,49
