test_loss,test_mae,test_mse,val_loss,val_mae,val_mse,epochs_trained
0.0652623251080513,0.10182511806488037,0.017771761864423752,0.040128886699676514,0.07749819755554199,0.010410208255052567,159
