test_loss,test_mae,test_mse,val_loss,val_mae,val_mse,epochs_trained
0.055661626160144806,0.09084771573543549,0.0145860081538558,0.04729835316538811,0.08292838931083679,0.012279956601560116,135
