test_loss,test_mae,test_mse,val_loss,val_mae,val_mse,epochs_trained
0.015436512418091297,0.09557885676622391,0.015436512418091297,0.015548713505268097,0.0922091081738472,0.015548713505268097,145
