test_loss,test_mae,test_mse,val_loss,val_mae,val_mse,epochs_trained
0.05188576504588127,0.09515199065208435,0.01388034038245678,0.040662601590156555,0.08084423094987869,0.01114613562822342,60
