test_loss,test_mae,test_mse,val_loss,val_mae,val_mse,epochs_trained
0.013835057616233826,0.0916411504149437,0.013835057616233826,0.011254400946199894,0.07812879979610443,0.011254400946199894,223
