test_loss,test_mae,test_mse,val_loss,val_mae,val_mse,epochs_trained
0.0692349523305893,0.10890541225671768,0.017715508118271828,0.050469495356082916,0.09263047575950623,0.013487895019352436,7
