test_loss,test_mae,test_mse,val_loss,val_mae,val_mse,epochs_trained
0.014881164766848087,0.09284396469593048,0.014881164766848087,0.01335796806961298,0.08486037701368332,0.01335796806961298,203
