test_loss,test_mae,test_mse,val_loss,val_mae,val_mse,epochs_trained
0.06532065570354462,0.10434670746326447,0.017656201496720314,0.047354359179735184,0.084879070520401,0.012370913289487362,118
