test_loss,test_mae,test_mse,val_loss,val_mae,val_mse,epochs_trained
0.01315627433359623,0.0868380069732666,0.01315627433359623,0.012179388664662838,0.08241141587495804,0.012179388664662838,233
