test_loss,test_mae,test_mse,val_loss,val_mae,val_mse,epochs_trained
0.020481910556554794,0.10968330502510071,0.020481910556554794,0.013228639960289001,0.08751080930233002,0.013228639960289001,118
