test_loss,test_mae,test_mse,val_loss,val_mae,val_mse,epochs_trained
0.019524818286299706,0.10607197135686874,0.019524818286299706,0.015268800780177116,0.09751696139574051,0.015268800780177116,96
