test_loss,test_mae,test_mse,val_loss,val_mae,val_mse,epochs_trained
0.01956607773900032,0.10243358463048935,0.01956607773900032,0.013182439841330051,0.08778516948223114,0.013182439841330051,178
