test_loss,test_mae,test_mse,val_loss,val_mae,val_mse,epochs_trained
0.07102512568235397,0.105079285800457,0.019195519387722015,0.050181351602077484,0.08606725931167603,0.012748759239912033,115
