test_loss,test_mae,test_mse,val_loss,val_mae,val_mse,epochs_trained
0.017918908968567848,0.10016793757677078,0.017918908968567848,0.012640303000807762,0.0860084593296051,0.012640303000807762,148
