test_loss,test_mae,test_mse,val_loss,val_mae,val_mse,epochs_trained
0.05140464007854462,0.09544704109430313,0.014042076654732227,0.04337287321686745,0.0826127752661705,0.011682779528200626,47
