test_loss,test_mae,test_mse,val_loss,val_mae,val_mse,epochs_trained
0.018490130081772804,0.10408494621515274,0.018490130081772804,0.013399970717728138,0.08921260386705399,0.013399970717728138,116
