test_loss,test_mae,test_mse,val_loss,val_mae,val_mse,epochs_trained
0.0144822858273983,0.09317754209041595,0.0144822858273983,0.013579647056758404,0.08895034343004227,0.013579647056758404,175
