test_loss,test_mae,test_mse,val_loss,val_mae,val_mse,epochs_trained
0.06646553426980972,0.1068151444196701,0.016648223623633385,0.045818183571100235,0.08986738324165344,0.01189135480672121,6
