test_loss,test_mae,test_mse,val_loss,val_mae,val_mse,epochs_trained
0.04653014987707138,0.08955592662096024,0.01284526102244854,0.042142972350120544,0.0818263441324234,0.011466415598988533,49
