test_loss,test_mae,test_mse,val_loss,val_mae,val_mse,epochs_trained
0.014061699621379375,0.09142795205116272,0.014061699621379375,0.01093463134020567,0.07785021513700485,0.01093463134020567,246
