test_loss,test_mae,test_mse,val_loss,val_mae,val_mse,epochs_trained
0.06035217270255089,0.09697482734918594,0.016665294766426086,0.04622794687747955,0.08420713990926743,0.01188575942069292,147
