test_loss,test_mae,test_mse,val_loss,val_mae,val_mse,epochs_trained
0.01459098607301712,0.09670110046863556,0.01459098607301712,0.012110816314816475,0.0842263475060463,0.012110816314816475,43
