test_loss,test_mae,test_mse,val_loss,val_mae,val_mse,epochs_trained
0.013998301699757576,0.0922306478023529,0.013998301699757576,0.013154887594282627,0.08881228417158127,0.013154887594282627,163
