test_loss,test_mae,test_mse,val_loss,val_mae,val_mse,epochs_trained
0.054044224321842194,0.09343639016151428,0.014730698429048061,0.05115596204996109,0.08688507229089737,0.013640097342431545,220
