test_loss,test_mae,test_mse,val_loss,val_mae,val_mse,epochs_trained
0.013634086586534977,0.09320715069770813,0.013634086586534977,0.010776376351714134,0.07826055586338043,0.010776376351714134,68
