test_loss,test_mae,test_mse,val_loss,val_mae,val_mse,epochs_trained
0.01658160239458084,0.09614784270524979,0.01658160239458084,0.011986150406301022,0.08396356552839279,0.011986150406301022,263
