test_loss,test_mae,test_mse,val_loss,val_mae,val_mse,epochs_trained
0.016893332824110985,0.10057368874549866,0.016893332824110985,0.010829582810401917,0.0783945769071579,0.010829582810401917,136
