test_loss,test_mae,test_mse,val_loss,val_mae,val_mse,epochs_trained
0.012782022356987,0.09034518152475357,0.012782022356987,0.01046181470155716,0.07786864787340164,0.01046181470155716,74
