test_loss,test_mae,test_mse,val_loss,val_mae,val_mse,epochs_trained
0.05645411089062691,0.0990121141076088,0.015359750017523766,0.042076949030160904,0.08336643874645233,0.01162656955420971,54
