test_loss,test_mae,test_mse,val_loss,val_mae,val_mse,epochs_trained
0.0128241665661335,0.09192746877670288,0.0128241665661335,0.011373065412044525,0.0808439552783966,0.011373065412044525,53
