test_loss,test_mae,test_mse,val_loss,val_mae,val_mse,epochs_trained
0.0545043982565403,0.09128453582525253,0.014641426503658295,0.043427757918834686,0.08171051740646362,0.011471938341856003,252
