test_loss,test_mae,test_mse,val_loss,val_mae,val_mse,epochs_trained
0.018009141087532043,0.10281233489513397,0.018009141087532043,0.0120088467374444,0.08147724717855453,0.0120088467374444,116
