test_loss,test_mae,test_mse,val_loss,val_mae,val_mse,epochs_trained
0.013849147595465183,0.09077182412147522,0.013849147595465183,0.011480881832540035,0.08127748221158981,0.011480881832540035,232
