test_loss,test_mae,test_mse,val_loss,val_mae,val_mse,epochs_trained
0.01385622937232256,0.09396974742412567,0.01385622937232256,0.012123866938054562,0.08357105404138565,0.012123866938054562,37
