test_loss,test_mae,test_mse,val_loss,val_mae,val_mse,epochs_trained
0.016824860125780106,0.09876729547977448,0.016824860125780106,0.013162549585103989,0.08817300200462341,0.013162549585103989,152
