test_loss,test_mae,test_mse,val_loss,val_mae,val_mse,epochs_trained
0.014643452130258083,0.0923655703663826,0.014643452130258083,0.011018490418791771,0.07724650204181671,0.011018490418791771,139
