test_loss,test_mae,test_mse,val_loss,val_mae,val_mse,epochs_trained
0.021693531423807144,0.11483593285083771,0.021693531423807144,0.01593363843858242,0.09732771664857864,0.01593363843858242,75
