test_loss,test_mae,test_mse,val_loss,val_mae,val_mse,epochs_trained
0.016825048252940178,0.10302258282899857,0.016825048252940178,0.01283437479287386,0.08853306621313095,0.01283437479287386,10
