test_loss,test_mae,test_mse,val_loss,val_mae,val_mse,epochs_trained
0.014794556424021721,0.09386996179819107,0.014794556424021721,0.013353513553738594,0.08956817537546158,0.013353513553738594,203
