test_loss,test_mae,test_mse,val_loss,val_mae,val_mse,epochs_trained
0.06355251371860504,0.10221569240093231,0.01658906415104866,0.04880136996507645,0.08461130410432816,0.012453317642211914,143
