test_loss,test_mae,test_mse,val_loss,val_mae,val_mse,epochs_trained
0.013195372186601162,0.09181724488735199,0.013195372186601162,0.011251873336732388,0.08067849278450012,0.011251873336732388,62
