test_loss,test_mae,test_mse,val_loss,val_mae,val_mse,epochs_trained
0.04654354229569435,0.08933503925800323,0.012470774352550507,0.041663117706775665,0.08201514929533005,0.011454623192548752,71
