test_loss,test_mae,test_mse,val_loss,val_mae,val_mse,epochs_trained
0.019099043682217598,0.11520595103502274,0.019099043682217598,0.0135365454480052,0.09631433337926865,0.0135365454480052,6
