test_loss,test_mae,test_mse,val_loss,val_mae,val_mse,epochs_trained
0.048970628529787064,0.09037075936794281,0.013040117919445038,0.04091089591383934,0.08146754652261734,0.01122268196195364,54
