test_loss,test_mae,test_mse,val_loss,val_mae,val_mse,epochs_trained
0.06409023702144623,0.10268428176641464,0.015385108068585396,0.04517408460378647,0.08746018260717392,0.011849423870444298,6
