test_loss,test_mae,test_mse,val_loss,val_mae,val_mse,epochs_trained
0.051805078983306885,0.09435106068849564,0.014158479869365692,0.041617173701524734,0.08274810016155243,0.01133160013705492,57
