test_loss,test_mae,test_mse,val_loss,val_mae,val_mse,epochs_trained
0.08220480382442474,0.11604475229978561,0.022919578477740288,0.061886489391326904,0.09308778494596481,0.015528643503785133,48
