test_loss,test_mae,test_mse,val_loss,val_mae,val_mse,epochs_trained
0.013769743964076042,0.09478946030139923,0.013769743964076042,0.012081138789653778,0.08513374626636505,0.012081138789653778,31
