test_loss,test_mae,test_mse,val_loss,val_mae,val_mse,epochs_trained
0.07238159328699112,0.10918337851762772,0.01982097327709198,0.05248250812292099,0.08674852550029755,0.013272382318973541,111
