test_loss,test_mae,test_mse,val_loss,val_mae,val_mse,epochs_trained
0.04882486164569855,0.09279416501522064,0.013228441588580608,0.04105798527598381,0.08090058714151382,0.011208218522369862,48
