test_loss,test_mae,test_mse,val_loss,val_mae,val_mse,epochs_trained
0.01817159913480282,0.10186826437711716,0.01817159913480282,0.010803719982504845,0.0770309567451477,0.010803719982504845,173
