test_loss,test_mae,test_mse,val_loss,val_mae,val_mse,epochs_trained
0.018369536846876144,0.10825976729393005,0.018369536846876144,0.013571169227361679,0.09402164816856384,0.013571169227361679,7
