test_loss,test_mae,test_mse,val_loss,val_mae,val_mse,epochs_trained
0.05687836557626724,0.09572847932577133,0.01516683679074049,0.04537271708250046,0.08158428966999054,0.011648286134004593,181
