test_loss,test_mae,test_mse,val_loss,val_mae,val_mse,epochs_trained
0.059040289372205734,0.09703965485095978,0.016103282570838928,0.05877995863556862,0.09210468828678131,0.014568702317774296,101
