test_loss,test_mae,test_mse,val_loss,val_mae,val_mse,epochs_trained
0.059499237686395645,0.09614190459251404,0.015954473987221718,0.045137595385313034,0.08070400357246399,0.011670405976474285,213
