test_loss,test_mae,test_mse,val_loss,val_mae,val_mse,epochs_trained
0.05121096223592758,0.0949297621846199,0.013951374217867851,0.04231911152601242,0.08241153508424759,0.011552300304174423,28
