test_loss,test_mae,test_mse,val_loss,val_mae,val_mse,epochs_trained
0.04825524240732193,0.09125250577926636,0.013026810251176357,0.040897224098443985,0.08000680804252625,0.011175081133842468,65
