test_loss,test_mae,test_mse,val_loss,val_mae,val_mse,epochs_trained
0.015015196986496449,0.09427965432405472,0.015015196986496449,0.012740282341837883,0.08450578898191452,0.012740282341837883,194
