test_loss,test_mae,test_mse,val_loss,val_mae,val_mse,epochs_trained
0.014311155304312706,0.08997053653001785,0.014311155304312706,0.010786356404423714,0.07941632717847824,0.010786356404423714,180
