test_loss,test_mae,test_mse,val_loss,val_mae,val_mse,epochs_trained
0.06308558583259583,0.10409998893737793,0.01568373292684555,0.04729470610618591,0.09021832048892975,0.012657543644309044,6
