test_loss,test_mae,test_mse,val_loss,val_mae,val_mse,epochs_trained
0.045925553888082504,0.08854089677333832,0.012162533588707447,0.04282707720994949,0.08247837424278259,0.011895190924406052,59
