test_loss,test_mae,test_mse,val_loss,val_mae,val_mse,epochs_trained
0.05539606139063835,0.09359943121671677,0.014469979330897331,0.03734876587986946,0.07321581989526749,0.00983631145209074,257
