test_loss,test_mae,test_mse,val_loss,val_mae,val_mse,epochs_trained
0.04650949686765671,0.08965211361646652,0.01264034304767847,0.03817177191376686,0.07774212211370468,0.010502672754228115,113
