test_loss,test_mae,test_mse,val_loss,val_mae,val_mse,epochs_trained
0.05663217976689339,0.09197234362363815,0.01482453104108572,0.040568359196186066,0.07543516904115677,0.010534141212701797,195
