test_loss,test_mae,test_mse,val_loss,val_mae,val_mse,epochs_trained
0.012850859202444553,0.09070705622434616,0.012850859202444553,0.010144555009901524,0.07564352452754974,0.010144555009901524,120
