test_loss,test_mae,test_mse,val_loss,val_mae,val_mse,epochs_trained
0.014162689447402954,0.09426896274089813,0.014162689447402954,0.010452693328261375,0.0789482519030571,0.010452693328261375,84
