test_loss,test_mae,test_mse,val_loss,val_mae,val_mse,epochs_trained
0.01827487349510193,0.11269821226596832,0.01827487349510193,0.01504722610116005,0.10219472646713257,0.01504722610116005,6
