test_loss,test_mae,test_mse,val_loss,val_mae,val_mse,epochs_trained
0.05006760358810425,0.0913761705160141,0.01337281335145235,0.04330049082636833,0.0835275948047638,0.011760377325117588,40
