test_loss,test_mae,test_mse,val_loss,val_mae,val_mse,epochs_trained
0.04982593283057213,0.09375597536563873,0.013379638083279133,0.04026568681001663,0.08029337972402573,0.011095023714005947,50
