test_loss,test_mae,test_mse,val_loss,val_mae,val_mse,epochs_trained
0.049831412732601166,0.09129668772220612,0.013053156435489655,0.041585952043533325,0.08139514178037643,0.011366685852408409,37
