test_loss,test_mae,test_mse,val_loss,val_mae,val_mse,epochs_trained
0.05002491921186447,0.093146413564682,0.013550537638366222,0.04082181304693222,0.08194273710250854,0.011120358482003212,71
