test_loss,test_mae,test_mse,val_loss,val_mae,val_mse,epochs_trained
0.015887830406427383,0.09601783752441406,0.015887830406427383,0.012133469805121422,0.08281280845403671,0.012133469805121422,203
