test_loss,test_mae,test_mse,val_loss,val_mae,val_mse,epochs_trained
0.045981474220752716,0.09046391397714615,0.01236591674387455,0.04274345934391022,0.0830245316028595,0.011654923669993877,35
