test_loss,test_mae,test_mse,val_loss,val_mae,val_mse,epochs_trained
0.015963448211550713,0.09672387689352036,0.015963448211550713,0.014429410919547081,0.09240352362394333,0.014429410919547081,122
