test_loss,test_mae,test_mse,val_loss,val_mae,val_mse,epochs_trained
0.016441896557807922,0.09709934145212173,0.016441896557807922,0.011623143218457699,0.08172626793384552,0.011623143218457699,182
