test_loss,test_mae,test_mse,val_loss,val_mae,val_mse,epochs_trained
0.016518935561180115,0.09794086217880249,0.016518935561180115,0.011726226657629013,0.08100533485412598,0.011726226657629013,172
