test_loss,test_mae,test_mse,val_loss,val_mae,val_mse,epochs_trained
0.05872782692313194,0.10213658958673477,0.014363039284944534,0.049295902252197266,0.09216292202472687,0.012667047791182995,6
