test_loss,test_mae,test_mse,val_loss,val_mae,val_mse,epochs_trained
0.014401031658053398,0.0913141667842865,0.014401031658053398,0.013521399348974228,0.08990726619958878,0.013521399348974228,149
