test_loss,test_mae,test_mse,val_loss,val_mae,val_mse,epochs_trained
0.014699500985443592,0.09228579699993134,0.014699500985443592,0.01268976740539074,0.0870719701051712,0.01268976740539074,207
