test_loss,test_mae,test_mse,val_loss,val_mae,val_mse,epochs_trained
0.012512010522186756,0.08974496275186539,0.012512010522186756,0.010782025754451752,0.07903061807155609,0.010782025754451752,72
