test_loss,test_mae,test_mse,val_loss,val_mae,val_mse,epochs_trained
0.01879402995109558,0.11265594512224197,0.01879402995109558,0.01435945089906454,0.09652671217918396,0.01435945089906454,6
