test_loss,test_mae,test_mse,val_loss,val_mae,val_mse,epochs_trained
0.015183747746050358,0.0943530946969986,0.015183747746050358,0.013313531875610352,0.08647651970386505,0.013313531875610352,165
