test_loss,test_mae,test_mse,val_loss,val_mae,val_mse,epochs_trained
0.06123974919319153,0.09708872437477112,0.016235370188951492,0.04567450284957886,0.08079904317855835,0.011760728433728218,167
