test_loss,test_mae,test_mse,val_loss,val_mae,val_mse,epochs_trained
0.0721716433763504,0.1082955002784729,0.01932510733604431,0.06692945212125778,0.09535827487707138,0.01656225696206093,108
