test_loss,test_mae,test_mse,val_loss,val_mae,val_mse,epochs_trained
0.08027756959199905,0.11066748201847076,0.020827073603868484,0.04940829798579216,0.08349252492189407,0.012719802558422089,122
