test_loss,test_mae,test_mse,val_loss,val_mae,val_mse,epochs_trained
0.013720599003136158,0.09222792088985443,0.013720599003136158,0.011037265881896019,0.07888703793287277,0.011037265881896019,75
