test_loss,test_mae,test_mse,val_loss,val_mae,val_mse,epochs_trained
0.07386065274477005,0.10661222040653229,0.01972329430282116,0.05589615926146507,0.09140928834676743,0.014703941531479359,138
