test_loss,test_mae,test_mse,val_loss,val_mae,val_mse,epochs_trained
0.014137362129986286,0.09046561270952225,0.014137362129986286,0.01213876809924841,0.08166239410638809,0.01213876809924841,231
