test_loss,test_mae,test_mse,val_loss,val_mae,val_mse,epochs_trained
0.015093798749148846,0.09461896121501923,0.015093798749148846,0.010614145547151566,0.07770658284425735,0.010614145547151566,224
