test_loss,test_mae,test_mse,val_loss,val_mae,val_mse,epochs_trained
0.07900242507457733,0.1123531237244606,0.02202056162059307,0.05163523554801941,0.08446139842271805,0.013792448677122593,114
