test_loss,test_mae,test_mse,val_loss,val_mae,val_mse,epochs_trained
0.06564967334270477,0.10041452944278717,0.017777564004063606,0.051830731332302094,0.08965560793876648,0.014057185500860214,122
