test_loss,test_mae,test_mse,val_loss,val_mae,val_mse,epochs_trained
0.052806224673986435,0.09513171017169952,0.014305445365607738,0.042995650321245193,0.08361770212650299,0.011829115450382233,39
