test_loss,test_mae,test_mse,val_loss,val_mae,val_mse,epochs_trained
0.014441665261983871,0.09149903804063797,0.014441665261983871,0.011848646216094494,0.08284077048301697,0.011848646216094494,214
