test_loss,test_mae,test_mse,val_loss,val_mae,val_mse,epochs_trained
0.04822394251823425,0.09116243571043015,0.012883150018751621,0.03728809580206871,0.07683844119310379,0.010283173061907291,59
