test_loss,test_mae,test_mse,val_loss,val_mae,val_mse,epochs_trained
0.012486505322158337,0.08926395326852798,0.012486505322158337,0.01025550439953804,0.0774436891078949,0.01025550439953804,89
