test_loss,test_mae,test_mse,val_loss,val_mae,val_mse,epochs_trained
0.01961595192551613,0.11498964577913284,0.01961595192551613,0.014427022077143192,0.09819945693016052,0.014427022077143192,6
