test_loss,test_mae,test_mse,val_loss,val_mae,val_mse,epochs_trained
0.04623529314994812,0.08835337311029434,0.012344296090304852,0.040150269865989685,0.08011233806610107,0.01091128122061491,88
