test_loss,test_mae,test_mse,val_loss,val_mae,val_mse,epochs_trained
0.015878526493906975,0.09546776115894318,0.015878526493906975,0.012912151403725147,0.08750773966312408,0.012912151403725147,212
