test_loss,test_mae,test_mse,val_loss,val_mae,val_mse,epochs_trained
0.0731109157204628,0.10745353251695633,0.019698355346918106,0.05203872174024582,0.08708596229553223,0.013326043263077736,145
