test_loss,test_mae,test_mse,val_loss,val_mae,val_mse,epochs_trained
0.017578216269612312,0.10313808172941208,0.017578216269612312,0.01286728773266077,0.08626189082860947,0.01286728773266077,130
