test_loss,test_mae,test_mse,val_loss,val_mae,val_mse,epochs_trained
0.017635200172662735,0.10409785062074661,0.017635200172662735,0.013310063630342484,0.08999062329530716,0.013310063630342484,141
