test_loss,test_mae,test_mse,val_loss,val_mae,val_mse,epochs_trained
0.06524065136909485,0.09923864156007767,0.017698001116514206,0.042625002562999725,0.07814238965511322,0.011023109778761864,199
