test_loss,test_mae,test_mse,val_loss,val_mae,val_mse,epochs_trained
0.047962289303541183,0.09022009372711182,0.012813668698072433,0.04083872586488724,0.07950235903263092,0.011177094653248787,93
