test_loss,test_mae,test_mse,val_loss,val_mae,val_mse,epochs_trained
0.06255757808685303,0.10547536611557007,0.017470968887209892,0.047717779874801636,0.08330269157886505,0.012107021175324917,124
