test_loss,test_mae,test_mse,val_loss,val_mae,val_mse,epochs_trained
0.04647832363843918,0.08973467350006104,0.012492719106376171,0.0361839234828949,0.07631507515907288,0.009912410750985146,113
