test_loss,test_mae,test_mse,val_loss,val_mae,val_mse,epochs_trained
0.061934083700180054,0.10191605985164642,0.01709541119635105,0.04891396313905716,0.08531808108091354,0.012863462790846825,165
