test_loss,test_mae,test_mse,val_loss,val_mae,val_mse,epochs_trained
0.016531554982066154,0.10017627477645874,0.016531554982066154,0.012764557264745235,0.08669909089803696,0.012764557264745235,140
