test_loss,test_mae,test_mse,val_loss,val_mae,val_mse,epochs_trained
0.012879658490419388,0.09120956063270569,0.012879658490419388,0.010802988894283772,0.07923471927642822,0.010802988894283772,97
