test_loss,test_mae,test_mse,val_loss,val_mae,val_mse,epochs_trained
0.01673288270831108,0.0998288094997406,0.01673288270831108,0.012343320995569229,0.08453992754220963,0.012343320995569229,173
