test_loss,test_mae,test_mse,val_loss,val_mae,val_mse,epochs_trained
0.012673738412559032,0.09183377027511597,0.012673738412559032,0.010464499704539776,0.07985378056764603,0.010464499704539776,67
