test_loss,test_mae,test_mse,val_loss,val_mae,val_mse,epochs_trained
0.012800225988030434,0.09022195637226105,0.012800225988030434,0.010355479083955288,0.07685652375221252,0.010355479083955288,145
