test_loss,test_mae,test_mse,val_loss,val_mae,val_mse,epochs_trained
0.04924326390028,0.09288506209850311,0.013181347399950027,0.04139943793416023,0.08048694580793381,0.011314621195197105,55
