test_loss,test_mae,test_mse,val_loss,val_mae,val_mse,epochs_trained
0.05204164981842041,0.09520119428634644,0.014465222135186195,0.04269788786768913,0.08260957151651382,0.011599366553127766,34
