test_loss,test_mae,test_mse,val_loss,val_mae,val_mse,epochs_trained
0.08328494429588318,0.11558382213115692,0.022932088002562523,0.0635700672864914,0.09654945135116577,0.01603446714580059,95
