test_loss,test_mae,test_mse,val_loss,val_mae,val_mse,epochs_trained
0.062337689101696014,0.09705714136362076,0.017079176381230354,0.048036783933639526,0.08501449972391129,0.012257752940058708,138
