test_loss,test_mae,test_mse,val_loss,val_mae,val_mse,epochs_trained
0.01812194660305977,0.10966862738132477,0.01812194660305977,0.016266606748104095,0.10465345531702042,0.016266606748104095,6
