test_loss,test_mae,test_mse,val_loss,val_mae,val_mse,epochs_trained
0.060413461178541183,0.09505388140678406,0.016280947253108025,0.044378843158483505,0.08100380748510361,0.01135447807610035,193
