test_loss,test_mae,test_mse,val_loss,val_mae,val_mse,epochs_trained
0.01834830269217491,0.10395445674657822,0.01834830269217491,0.011788913048803806,0.08381935209035873,0.011788913048803806,112
