test_loss,test_mae,test_mse,val_loss,val_mae,val_mse,epochs_trained
0.04833700880408287,0.09217315912246704,0.012912044301629066,0.04329710453748703,0.08418412506580353,0.011825966648757458,55
