test_loss,test_mae,test_mse,val_loss,val_mae,val_mse,epochs_trained
0.01933109387755394,0.11587736755609512,0.01933109387755394,0.015013017691671848,0.10019156336784363,0.015013017691671848,6
