test_loss,test_mae,test_mse,val_loss,val_mae,val_mse,epochs_trained
0.05187178775668144,0.09020925313234329,0.013871751725673676,0.04650166258215904,0.08063778281211853,0.012386031448841095,234
