test_loss,test_mae,test_mse,val_loss,val_mae,val_mse,epochs_trained
0.01635085605084896,0.10446791350841522,0.01635085605084896,0.014227082952857018,0.09756673872470856,0.014227082952857018,6
