test_loss,test_mae,test_mse,val_loss,val_mae,val_mse,epochs_trained
0.016318531706929207,0.09854600578546524,0.016318531706929207,0.012083458714187145,0.0809415653347969,0.012083458714187145,216
