test_loss,test_mae,test_mse,val_loss,val_mae,val_mse,epochs_trained
0.05217724293470383,0.09688692539930344,0.013666490092873573,0.04522689804434776,0.08787553757429123,0.012544075958430767,7
