test_loss,test_mae,test_mse,val_loss,val_mae,val_mse,epochs_trained
0.06597555428743362,0.10499481111764908,0.017662161961197853,0.04785735905170441,0.08335445076227188,0.01217707060277462,158
