test_loss,test_mae,test_mse,val_loss,val_mae,val_mse,epochs_trained
0.057068753987550735,0.09950648993253708,0.015456175431609154,0.042948003858327866,0.08548303693532944,0.011884051375091076,9
