test_loss,test_mae,test_mse,val_loss,val_mae,val_mse,epochs_trained
0.05043071508407593,0.09375305473804474,0.013574554584920406,0.041762884706258774,0.08166457712650299,0.01151211466640234,52
