test_loss,test_mae,test_mse,val_loss,val_mae,val_mse,epochs_trained
0.05826088413596153,0.09527243673801422,0.015405295416712761,0.04346109554171562,0.08139758557081223,0.0116124851629138,148
