test_loss,test_mae,test_mse,val_loss,val_mae,val_mse,epochs_trained
0.015451379120349884,0.09167823195457458,0.015451379120349884,0.011752148158848286,0.07968587428331375,0.011752148158848286,154
