test_loss,test_mae,test_mse,val_loss,val_mae,val_mse,epochs_trained
0.05931088700890541,0.09449458122253418,0.01589382253587246,0.04788858816027641,0.08163389563560486,0.012086699716746807,206
