test_loss,test_mae,test_mse,val_loss,val_mae,val_mse,epochs_trained
0.012949404306709766,0.09172528237104416,0.012949404306709766,0.011802311055362225,0.08145207911729813,0.011802311055362225,79
