test_loss,test_mae,test_mse,val_loss,val_mae,val_mse,epochs_trained
0.013125555589795113,0.09179795533418655,0.013125555589795113,0.011318986304104328,0.08167707920074463,0.011318986304104328,53
