test_loss,test_mae,test_mse,val_loss,val_mae,val_mse,epochs_trained
0.06536480039358139,0.1008349135518074,0.01715189591050148,0.050405435264110565,0.08977321535348892,0.013524598442018032,120
