test_loss,test_mae,test_mse,val_loss,val_mae,val_mse,epochs_trained
0.06624991446733475,0.10509274154901505,0.0162863340228796,0.049280546605587006,0.0916595309972763,0.01287748571485281,6
