test_loss,test_mae,test_mse,val_loss,val_mae,val_mse,epochs_trained
0.017919443547725677,0.11135536432266235,0.017919443547725677,0.012824313715100288,0.09352338314056396,0.012824313715100288,6
