test_loss,test_mae,test_mse,val_loss,val_mae,val_mse,epochs_trained
0.04700273647904396,0.08977832645177841,0.012667584232985973,0.040237218141555786,0.08190424740314484,0.01084313727915287,30
