test_loss,test_mae,test_mse,val_loss,val_mae,val_mse,epochs_trained
0.062083300203084946,0.09853292256593704,0.01670851930975914,0.04330764710903168,0.07996179908514023,0.01122958492487669,177
