test_loss,test_mae,test_mse,val_loss,val_mae,val_mse,epochs_trained
0.058080852031707764,0.09479838609695435,0.015545746311545372,0.04468163475394249,0.08161228150129318,0.011826233007013798,177
