test_loss,test_mae,test_mse,val_loss,val_mae,val_mse,epochs_trained
0.06364079564809799,0.10056067258119583,0.01676408387720585,0.055560436099767685,0.08972134441137314,0.014364722184836864,150
