test_loss,test_mae,test_mse,val_loss,val_mae,val_mse,epochs_trained
0.018743621185421944,0.1120496392250061,0.018743621185421944,0.013084927573800087,0.09259501099586487,0.013084927573800087,7
