test_loss,test_mae,test_mse,val_loss,val_mae,val_mse,epochs_trained
0.04764304682612419,0.08877574652433395,0.012885608710348606,0.04193427413702011,0.08160322159528732,0.011394261382520199,22
