test_loss,test_mae,test_mse,val_loss,val_mae,val_mse,epochs_trained
0.016306495293974876,0.09685202687978745,0.016306495293974876,0.012457138858735561,0.08428359031677246,0.012457138858735561,162
