test_loss,test_mae,test_mse,val_loss,val_mae,val_mse,epochs_trained
0.06650690734386444,0.1001526340842247,0.018317678943276405,0.0467771515250206,0.08240478485822678,0.012364381924271584,128
