test_loss,test_mae,test_mse,val_loss,val_mae,val_mse,epochs_trained
0.0576922744512558,0.09320946782827377,0.015218431130051613,0.04468036815524101,0.07876022160053253,0.011543279513716698,163
