test_loss,test_mae,test_mse,val_loss,val_mae,val_mse,epochs_trained
0.012423369102180004,0.09028586745262146,0.012423369102180004,0.010867048054933548,0.08036655932664871,0.010867048054933548,50
