test_loss,test_mae,test_mse,val_loss,val_mae,val_mse,epochs_trained
0.01490917056798935,0.09716910123825073,0.01490917056798935,0.01178938802331686,0.08479790389537811,0.01178938802331686,38
