test_loss,test_mae,test_mse,val_loss,val_mae,val_mse,epochs_trained
0.05883460491895676,0.09807609766721725,0.015489190816879272,0.05079084262251854,0.08693035691976547,0.013443219475448132,176
