test_loss,test_mae,test_mse,val_loss,val_mae,val_mse,epochs_trained
0.07513909041881561,0.10744168609380722,0.020855531096458435,0.051970452070236206,0.08394525200128555,0.012844939716160297,125
