test_loss,test_mae,test_mse,val_loss,val_mae,val_mse,epochs_trained
0.01721309684216976,0.09806505590677261,0.01721309684216976,0.014387073926627636,0.09146584570407867,0.014387073926627636,140
