test_loss,test_mae,test_mse,val_loss,val_mae,val_mse,epochs_trained
0.06398825347423553,0.10381980985403061,0.015706742182374,0.04673383757472038,0.0916464626789093,0.012304428964853287,6
