test_loss,test_mae,test_mse,val_loss,val_mae,val_mse,epochs_trained
0.01410730928182602,0.09385522454977036,0.01410730928182602,0.011329208500683308,0.08163287490606308,0.011329208500683308,54
