test_loss,test_mae,test_mse,val_loss,val_mae,val_mse,epochs_trained
0.06157481670379639,0.09808699786663055,0.017234988510608673,0.04821731150150299,0.08635053783655167,0.012855813838541508,207
