test_loss,test_mae,test_mse,val_loss,val_mae,val_mse,epochs_trained
0.0136092035099864,0.09166648238897324,0.0136092035099864,0.012847989797592163,0.08696436882019043,0.012847989797592163,168
