test_loss,test_mae,test_mse,val_loss,val_mae,val_mse,epochs_trained
0.013501501642167568,0.09249096363782883,0.013501501642167568,0.010681159794330597,0.07753843069076538,0.010681159794330597,90
