test_loss,test_mae,test_mse,val_loss,val_mae,val_mse,epochs_trained
0.01818656362593174,0.10340289026498795,0.01818656362593174,0.012989530339837074,0.08808155357837677,0.012989530339837074,169
