test_loss,test_mae,test_mse,val_loss,val_mae,val_mse,epochs_trained
0.05750766396522522,0.09221863746643066,0.015377121977508068,0.045854248106479645,0.07810810208320618,0.011493222787976265,192
