test_loss,test_mae,test_mse,val_loss,val_mae,val_mse,epochs_trained
0.050064630806446075,0.08786728978157043,0.013143815100193024,0.050484392791986465,0.08335902541875839,0.013083265163004398,248
