test_loss,test_mae,test_mse,val_loss,val_mae,val_mse,epochs_trained
0.060601960867643356,0.09907416999340057,0.014731096103787422,0.04718029499053955,0.08931524306535721,0.012354194186627865,6
