test_loss,test_mae,test_mse,val_loss,val_mae,val_mse,epochs_trained
0.05139421671628952,0.09489841014146805,0.013734385371208191,0.0398067943751812,0.07968384027481079,0.010886083357036114,63
