test_loss,test_mae,test_mse,val_loss,val_mae,val_mse,epochs_trained
0.013042755424976349,0.08683168888092041,0.013042755424976349,0.011828845366835594,0.08209257572889328,0.011828845366835594,205
