test_loss,test_mae,test_mse,val_loss,val_mae,val_mse,epochs_trained
0.01734776236116886,0.10088054090738297,0.01734776236116886,0.011164308525621891,0.07856780290603638,0.011164308525621891,177
