test_loss,test_mae,test_mse,val_loss,val_mae,val_mse,epochs_trained
0.086912602186203,0.11946123838424683,0.023433173075318336,0.07479564845561981,0.10389844328165054,0.01927044987678528,45
