test_loss,test_mae,test_mse,val_loss,val_mae,val_mse,epochs_trained
0.012661116197705269,0.0892670676112175,0.012661116197705269,0.011126072145998478,0.08019792288541794,0.011126072145998478,73
