test_loss,test_mae,test_mse,val_loss,val_mae,val_mse,epochs_trained
0.04972736909985542,0.09177809208631516,0.01327456533908844,0.037734709680080414,0.07652615755796432,0.010375465266406536,84
