test_loss,test_mae,test_mse,val_loss,val_mae,val_mse,epochs_trained
0.01268518902361393,0.09093979001045227,0.01268518902361393,0.010784724727272987,0.07946757972240448,0.010784724727272987,64
