test_loss,test_mae,test_mse,val_loss,val_mae,val_mse,epochs_trained
0.05918802693486214,0.09778580814599991,0.016051406040787697,0.039299603551626205,0.0765647292137146,0.010197796858847141,166
