test_loss,test_mae,test_mse,val_loss,val_mae,val_mse,epochs_trained
0.050781719386577606,0.09488410502672195,0.01353631354868412,0.04209563508629799,0.08181050419807434,0.011417783796787262,39
