test_loss,test_mae,test_mse,val_loss,val_mae,val_mse,epochs_trained
0.05825377628207207,0.09454261511564255,0.015688389539718628,0.047299858182668686,0.0851983055472374,0.01241564191877842,177
