test_loss,test_mae,test_mse,val_loss,val_mae,val_mse,epochs_trained
0.013028578832745552,0.0912744402885437,0.013028578832745552,0.01057027280330658,0.07711010426282883,0.01057027280330658,91
