test_loss,test_mae,test_mse,val_loss,val_mae,val_mse,epochs_trained
0.014675844460725784,0.09770183265209198,0.014675844460725784,0.011661985889077187,0.08427389711141586,0.011661985889077187,42
