test_loss,test_mae,test_mse,val_loss,val_mae,val_mse,epochs_trained
0.017888883128762245,0.11110959947109222,0.017888883128762245,0.014061316847801208,0.09566488116979599,0.014061316847801208,6
