test_loss,test_mae,test_mse,val_loss,val_mae,val_mse,epochs_trained
0.05124681070446968,0.09156747162342072,0.01299228984862566,0.0427250862121582,0.08489227294921875,0.011396822519600391,7
