test_loss,test_mae,test_mse,val_loss,val_mae,val_mse,epochs_trained
0.013624560087919235,0.09358617663383484,0.013624560087919235,0.011256507597863674,0.08062386512756348,0.011256507597863674,70
