test_loss,test_mae,test_mse,val_loss,val_mae,val_mse,epochs_trained
0.023601600900292397,0.11559303104877472,0.023601600900292397,0.013409868814051151,0.08782348781824112,0.013409868814051151,88
