test_loss,test_mae,test_mse,val_loss,val_mae,val_mse,epochs_trained
0.06397513300180435,0.10442880541086197,0.01753801293671131,0.051694948226213455,0.08473390340805054,0.013439342379570007,163
