test_loss,test_mae,test_mse,val_loss,val_mae,val_mse,epochs_trained
0.016394007951021194,0.09593245387077332,0.016394007951021194,0.01198763120919466,0.08223062008619308,0.01198763120919466,196
