test_loss,test_mae,test_mse,val_loss,val_mae,val_mse,epochs_trained
0.013964175246655941,0.09373468160629272,0.013964175246655941,0.01023039035499096,0.07639268040657043,0.01023039035499096,98
