test_loss,test_mae,test_mse,val_loss,val_mae,val_mse,epochs_trained
0.06468292325735092,0.10164812952280045,0.017385493963956833,0.04601971060037613,0.0804704800248146,0.011666345410048962,147
