test_loss,test_mae,test_mse,val_loss,val_mae,val_mse,epochs_trained
0.016884904354810715,0.10493481159210205,0.016884904354810715,0.01260812021791935,0.08983977138996124,0.01260812021791935,7
