test_loss,test_mae,test_mse,val_loss,val_mae,val_mse,epochs_trained
0.06139107421040535,0.10178636759519577,0.016608290374279022,0.03969290107488632,0.07720267027616501,0.010453352704644203,191
