test_loss,test_mae,test_mse,val_loss,val_mae,val_mse,epochs_trained
0.0523814857006073,0.0958114042878151,0.013776908628642559,0.042785558849573135,0.08593739569187164,0.011348087340593338,7
