test_loss,test_mae,test_mse,val_loss,val_mae,val_mse,epochs_trained
0.01680634170770645,0.09652809798717499,0.01680634170770645,0.012850124388933182,0.08456239104270935,0.012850124388933182,147
