test_loss,test_mae,test_mse,val_loss,val_mae,val_mse,epochs_trained
0.01583331637084484,0.10151144862174988,0.01583331637084484,0.01222942117601633,0.08926227688789368,0.01222942117601633,7
