test_loss,test_mae,test_mse,val_loss,val_mae,val_mse,epochs_trained
0.017138095572590828,0.1002177968621254,0.017138095572590828,0.01290582213550806,0.08514099568128586,0.01290582213550806,157
