test_loss,test_mae,test_mse,val_loss,val_mae,val_mse,epochs_trained
0.049495916813611984,0.09342391043901443,0.013195576146245003,0.037117525935173035,0.07692228257656097,0.01021598745137453,110
