test_loss,test_mae,test_mse,val_loss,val_mae,val_mse,epochs_trained
0.016834676265716553,0.10540442168712616,0.016834676265716553,0.013201838359236717,0.09327353537082672,0.013201838359236717,6
