test_loss,test_mae,test_mse,val_loss,val_mae,val_mse,epochs_trained
0.050714161247015,0.0943446084856987,0.013815348967909813,0.03970559686422348,0.07987355440855026,0.01098130363970995,60
