test_loss,test_mae,test_mse,val_loss,val_mae,val_mse,epochs_trained
0.013352908194065094,0.09357025474309921,0.013352908194065094,0.012225663289427757,0.08392995595932007,0.012225663289427757,57
