test_loss,test_mae,test_mse,val_loss,val_mae,val_mse,epochs_trained
0.014419618993997574,0.09490220993757248,0.014419618993997574,0.01145173143595457,0.08026172965765,0.01145173143595457,52
