test_loss,test_mae,test_mse,val_loss,val_mae,val_mse,epochs_trained
0.04929524287581444,0.09203922003507614,0.013347900472581387,0.04100852832198143,0.0827144905924797,0.01131992693990469,67
