test_loss,test_mae,test_mse,val_loss,val_mae,val_mse,epochs_trained
0.04767953231930733,0.09131141006946564,0.012902543880045414,0.04264168441295624,0.08302472531795502,0.011645009741187096,46
