test_loss,test_mae,test_mse,val_loss,val_mae,val_mse,epochs_trained
0.06545081734657288,0.10345180332660675,0.017691828310489655,0.04772920534014702,0.0857987180352211,0.012452234514057636,182
