test_loss,test_mae,test_mse,val_loss,val_mae,val_mse,epochs_trained
0.04867049306631088,0.09152385592460632,0.012727181427180767,0.041827719658613205,0.08092427998781204,0.01157726813107729,51
