test_loss,test_mae,test_mse,val_loss,val_mae,val_mse,epochs_trained
0.0499211885035038,0.09093950688838959,0.013473001308739185,0.04150863736867905,0.08155433088541031,0.01137716043740511,46
