test_loss,test_mae,test_mse,val_loss,val_mae,val_mse,epochs_trained
0.020546313375234604,0.11011452972888947,0.020546313375234604,0.013324952684342861,0.08741816133260727,0.013324952684342861,116
