test_loss,test_mae,test_mse,val_loss,val_mae,val_mse,epochs_trained
0.018768757581710815,0.11229370534420013,0.018768757581710815,0.013480604626238346,0.09622865915298462,0.013480604626238346,6
