test_loss,test_mae,test_mse,val_loss,val_mae,val_mse,epochs_trained
0.056526653468608856,0.0961703360080719,0.015452495776116848,0.051137056201696396,0.08495163917541504,0.012860600836575031,209
