test_loss,test_mae,test_mse,val_loss,val_mae,val_mse,epochs_trained
0.052313510328531265,0.09377840161323547,0.014080158434808254,0.03848206251859665,0.07895376533269882,0.010583690367639065,78
