test_loss,test_mae,test_mse,val_loss,val_mae,val_mse,epochs_trained
0.07212971895933151,0.1113119050860405,0.019661795347929,0.05457615479826927,0.09125465154647827,0.013830648735165596,119
