test_loss,test_mae,test_mse,val_loss,val_mae,val_mse,epochs_trained
0.049923792481422424,0.08889903873205185,0.013578237034380436,0.047738950699567795,0.08497750759124756,0.013075124472379684,215
