test_loss,test_mae,test_mse,val_loss,val_mae,val_mse,epochs_trained
0.07032731920480728,0.1067453920841217,0.018745070323348045,0.04817569628357887,0.08215905725955963,0.01220654509961605,138
