test_loss,test_mae,test_mse,val_loss,val_mae,val_mse,epochs_trained
0.01684539206326008,0.09888717532157898,0.01684539206326008,0.010618125088512897,0.07562265545129776,0.010618125088512897,169
