test_loss,test_mae,test_mse,val_loss,val_mae,val_mse,epochs_trained
0.049566563218832016,0.09262318909168243,0.013568618334829807,0.040743350982666016,0.07970185577869415,0.011050648987293243,29
