test_loss,test_mae,test_mse,val_loss,val_mae,val_mse,epochs_trained
0.013767315074801445,0.09523215889930725,0.013767315074801445,0.011308628134429455,0.08326584845781326,0.011308628134429455,51
