test_loss,test_mae,test_mse,val_loss,val_mae,val_mse,epochs_trained
0.013789704069495201,0.09372684359550476,0.013789704069495201,0.011843862012028694,0.08147269487380981,0.011843862012028694,53
