test_loss,test_mae,test_mse,val_loss,val_mae,val_mse,epochs_trained
0.04746438190340996,0.09033004939556122,0.012955568730831146,0.04145514592528343,0.08116327971220016,0.011280319653451443,39
