test_loss,test_mae,test_mse,val_loss,val_mae,val_mse,epochs_trained
0.06653990596532822,0.0996004194021225,0.0176047682762146,0.05068650841712952,0.0869046151638031,0.01324978657066822,138
