test_loss,test_mae,test_mse,val_loss,val_mae,val_mse,epochs_trained
0.013840777799487114,0.09262150526046753,0.013840777799487114,0.011050413362681866,0.08014938235282898,0.011050413362681866,51
