test_loss,test_mae,test_mse,val_loss,val_mae,val_mse,epochs_trained
0.01654369756579399,0.10516136884689331,0.01654369756579399,0.013002471067011356,0.09241216629743576,0.013002471067011356,6
