test_loss,test_mae,test_mse,val_loss,val_mae,val_mse,epochs_trained
0.04513339325785637,0.08522243052721024,0.011875789612531662,0.04382837563753128,0.07780173420906067,0.011412926949560642,238
