test_loss,test_mae,test_mse,val_loss,val_mae,val_mse,epochs_trained
0.02026643417775631,0.10832954198122025,0.02026643417775631,0.013351374305784702,0.08718962967395782,0.013351374305784702,82
