test_loss,test_mae,test_mse,val_loss,val_mae,val_mse,epochs_trained
0.05701230838894844,0.09613217413425446,0.01490507647395134,0.04054456204175949,0.07717010378837585,0.010454308241605759,183
