test_loss,test_mae,test_mse,val_loss,val_mae,val_mse,epochs_trained
0.01249000709503889,0.08994720131158829,0.01249000709503889,0.011422517709434032,0.08083964884281158,0.011422517709434032,64
