test_loss,test_mae,test_mse,val_loss,val_mae,val_mse,epochs_trained
0.051469337195158005,0.09179483354091644,0.013198714703321457,0.046681877225637436,0.09007436782121658,0.012708255089819431,7
