test_loss,test_mae,test_mse,val_loss,val_mae,val_mse,epochs_trained
0.018567591905593872,0.10947132855653763,0.018567591905593872,0.014276022091507912,0.09810319542884827,0.014276022091507912,6
