test_loss,test_mae,test_mse,val_loss,val_mae,val_mse,epochs_trained
0.016152391210198402,0.09720546752214432,0.016152391210198402,0.011033968068659306,0.07947006076574326,0.011033968068659306,166
