test_loss,test_mae,test_mse,val_loss,val_mae,val_mse,epochs_trained
0.04919394105672836,0.09254153072834015,0.013098637573421001,0.038292523473501205,0.07830154150724411,0.010500836186110973,56
