test_loss,test_mae,test_mse,val_loss,val_mae,val_mse,epochs_trained
0.014246015809476376,0.08805819600820541,0.014246015809476376,0.011930601671338081,0.0818353220820427,0.011930601671338081,283
