test_loss,test_mae,test_mse,val_loss,val_mae,val_mse,epochs_trained
0.013368267565965652,0.09171123802661896,0.013368267565965652,0.01073459628969431,0.07845018804073334,0.01073459628969431,87
