test_loss,test_mae,test_mse,val_loss,val_mae,val_mse,epochs_trained
0.015763146802783012,0.09684555977582932,0.015763146802783012,0.01332720834761858,0.08807934820652008,0.01332720834761858,156
