test_loss,test_mae,test_mse,val_loss,val_mae,val_mse,epochs_trained
0.07523918151855469,0.10981826484203339,0.021103575825691223,0.04718856140971184,0.08558987826108932,0.012156219221651554,101
