test_loss,test_mae,test_mse,val_loss,val_mae,val_mse,epochs_trained
0.014549762941896915,0.0942843034863472,0.014549762941896915,0.011462532915174961,0.0810365304350853,0.011462532915174961,62
