test_loss,test_mae,test_mse,val_loss,val_mae,val_mse,epochs_trained
0.014130662195384502,0.09470810741186142,0.014130662195384502,0.011297506280243397,0.08115009218454361,0.011297506280243397,63
