test_loss,test_mae,test_mse,val_loss,val_mae,val_mse,epochs_trained
0.04595165699720383,0.0889778733253479,0.012273131869733334,0.03927682340145111,0.07956725358963013,0.01073523424565792,73
