test_loss,test_mae,test_mse,val_loss,val_mae,val_mse,epochs_trained
0.05329953134059906,0.09118133783340454,0.014287712052464485,0.03977141156792641,0.07678697258234024,0.010407919995486736,174
