test_loss,test_mae,test_mse,val_loss,val_mae,val_mse,epochs_trained
0.05078061297535896,0.09294509887695312,0.013571701012551785,0.040990401059389114,0.08060207962989807,0.011177063919603825,72
