test_loss,test_mae,test_mse,val_loss,val_mae,val_mse,epochs_trained
0.01363016851246357,0.09269991517066956,0.01363016851246357,0.01084338128566742,0.0802549496293068,0.01084338128566742,42
