test_loss,test_mae,test_mse,val_loss,val_mae,val_mse,epochs_trained
0.017884530127048492,0.1011379063129425,0.017884530127048492,0.013290573842823505,0.08739381283521652,0.013290573842823505,139
