test_loss,test_mae,test_mse,val_loss,val_mae,val_mse,epochs_trained
0.018341273069381714,0.11011721938848495,0.018341273069381714,0.012876746244728565,0.09126673638820648,0.012876746244728565,6
