test_loss,test_mae,test_mse,val_loss,val_mae,val_mse,epochs_trained
0.05488220974802971,0.09219299256801605,0.01450277678668499,0.04952920600771904,0.0844632089138031,0.012753347866237164,247
