test_loss,test_mae,test_mse,val_loss,val_mae,val_mse,epochs_trained
0.0510861836373806,0.09517063200473785,0.013601268641650677,0.0450071357190609,0.08578047901391983,0.01219885516911745,27
