test_loss,test_mae,test_mse,val_loss,val_mae,val_mse,epochs_trained
0.0644555538892746,0.10088931024074554,0.016966871917247772,0.04700556769967079,0.08199135214090347,0.012307299301028252,135
