test_loss,test_mae,test_mse,val_loss,val_mae,val_mse,epochs_trained
0.013026942498981953,0.0909540206193924,0.013026942498981953,0.011009489186108112,0.08135990053415298,0.011009489186108112,63
