test_loss,test_mae,test_mse,val_loss,val_mae,val_mse,epochs_trained
0.051701512187719345,0.08856990933418274,0.013995185494422913,0.04289812967181206,0.08188902586698532,0.011227011680603027,255
