test_loss,test_mae,test_mse,val_loss,val_mae,val_mse,epochs_trained
0.019398171454668045,0.11394790560007095,0.019398171454668045,0.013040960766375065,0.09283461421728134,0.013040960766375065,6
