test_loss,test_mae,test_mse,val_loss,val_mae,val_mse,epochs_trained
0.01455214899033308,0.09755363315343857,0.01455214899033308,0.0110373729839921,0.08109371364116669,0.0110373729839921,37
