test_loss,test_mae,test_mse,val_loss,val_mae,val_mse,epochs_trained
0.06125601381063461,0.09475833922624588,0.016420969739556313,0.043512191623449326,0.0781933069229126,0.011365225538611412,190
