test_loss,test_mae,test_mse,val_loss,val_mae,val_mse,epochs_trained
0.013201657682657242,0.08844369649887085,0.013201657682657242,0.013108402490615845,0.08567167073488235,0.013108402490615845,221
