test_loss,test_mae,test_mse,val_loss,val_mae,val_mse,epochs_trained
0.012700732797384262,0.09054058790206909,0.012700732797384262,0.01117627415806055,0.08031944185495377,0.01117627415806055,60
