test_loss,test_mae,test_mse,val_loss,val_mae,val_mse,epochs_trained
0.07234879583120346,0.10489595681428909,0.018986355513334274,0.04392616078257561,0.0809558555483818,0.011569332331418991,98
