test_loss,test_mae,test_mse,val_loss,val_mae,val_mse,epochs_trained
0.07599388062953949,0.10920236259698868,0.01995861902832985,0.05261041224002838,0.09038367122411728,0.013891633599996567,106
