test_loss,test_mae,test_mse,val_loss,val_mae,val_mse,epochs_trained
0.01609913259744644,0.10418273508548737,0.01609913259744644,0.0139036625623703,0.09493090957403183,0.0139036625623703,6
