test_loss,test_mae,test_mse,val_loss,val_mae,val_mse,epochs_trained
0.0158713236451149,0.09498664736747742,0.0158713236451149,0.014119129627943039,0.09017227590084076,0.014119129627943039,143
