test_loss,test_mae,test_mse,val_loss,val_mae,val_mse,epochs_trained
0.015462118200957775,0.09365386515855789,0.015462118200957775,0.012731864117085934,0.08783166110515594,0.012731864117085934,121
