test_loss,test_mae,test_mse,val_loss,val_mae,val_mse,epochs_trained
0.04981059953570366,0.09333668649196625,0.013611216098070145,0.03917204961180687,0.07872340083122253,0.010821839794516563,53
