test_loss,test_mae,test_mse,val_loss,val_mae,val_mse,epochs_trained
0.01696602627635002,0.1079200878739357,0.01696602627635002,0.014609333127737045,0.09936016798019409,0.014609333127737045,6
