test_loss,test_mae,test_mse,val_loss,val_mae,val_mse,epochs_trained
0.04857770353555679,0.09266753494739532,0.012899348512291908,0.042823225259780884,0.08382976055145264,0.01180457416921854,46
