test_loss,test_mae,test_mse,val_loss,val_mae,val_mse,epochs_trained
0.052724581211805344,0.0962141826748848,0.014464865438640118,0.04373084381222725,0.08453541249036789,0.011935129761695862,26
