test_loss,test_mae,test_mse,val_loss,val_mae,val_mse,epochs_trained
0.049255646765232086,0.09334298968315125,0.01321730762720108,0.0443180650472641,0.08479755371809006,0.012193954549729824,33
