test_loss,test_mae,test_mse,val_loss,val_mae,val_mse,epochs_trained
0.0624987855553627,0.10229774564504623,0.015503272414207458,0.04970274865627289,0.09050609916448593,0.013031293638050556,7
