test_loss,test_mae,test_mse,val_loss,val_mae,val_mse,epochs_trained
0.015867624431848526,0.09883907437324524,0.015867624431848526,0.01330140233039856,0.08567405492067337,0.01330140233039856,141
