test_loss,test_mae,test_mse,val_loss,val_mae,val_mse,epochs_trained
0.054529931396245956,0.09760732203722,0.01440502516925335,0.04199099913239479,0.08445371687412262,0.01128289196640253,7
