test_loss,test_mae,test_mse,val_loss,val_mae,val_mse,epochs_trained
0.013657446019351482,0.09367313981056213,0.013657446019351482,0.010383492335677147,0.07895971089601517,0.010383492335677147,75
