test_loss,test_mae,test_mse,val_loss,val_mae,val_mse,epochs_trained
0.01572776772081852,0.09178996086120605,0.01572776772081852,0.01293632946908474,0.08427750319242477,0.01293632946908474,234
