test_loss,test_mae,test_mse,val_loss,val_mae,val_mse,epochs_trained
0.014105887152254581,0.09519513696432114,0.014105887152254581,0.013524366542696953,0.08894630521535873,0.013524366542696953,24
