test_loss,test_mae,test_mse,val_loss,val_mae,val_mse,epochs_trained
0.05645231530070305,0.09590943157672882,0.015428080223500729,0.055807292461395264,0.0929868072271347,0.014245611615478992,157
