test_loss,test_mae,test_mse,val_loss,val_mae,val_mse,epochs_trained
0.053711436688899994,0.0950915589928627,0.015116858296096325,0.04382138326764107,0.08417540788650513,0.0120393056422472,68
