test_loss,test_mae,test_mse,val_loss,val_mae,val_mse,epochs_trained
0.05273386090993881,0.09751193970441818,0.014310773462057114,0.04125706106424332,0.08117150515317917,0.011297651566565037,65
