test_loss,test_mae,test_mse,val_loss,val_mae,val_mse,epochs_trained
0.054070740938186646,0.09745752811431885,0.014012141153216362,0.04336125776171684,0.08587746322154999,0.011556587181985378,8
