test_loss,test_mae,test_mse,val_loss,val_mae,val_mse,epochs_trained
0.059205975383520126,0.09580230712890625,0.015848008915781975,0.0471297949552536,0.08253591507673264,0.01234477013349533,179
