test_loss,test_mae,test_mse,val_loss,val_mae,val_mse,epochs_trained
0.01815030723810196,0.1047886312007904,0.01815030723810196,0.012633002363145351,0.08561832457780838,0.012633002363145351,109
