test_loss,test_mae,test_mse,val_loss,val_mae,val_mse,epochs_trained
0.058710794895887375,0.09693654626607895,0.015717314556241035,0.04591475427150726,0.08376112580299377,0.012161181308329105,187
