test_loss,test_mae,test_mse,val_loss,val_mae,val_mse,epochs_trained
0.016319017857313156,0.09940861910581589,0.016319017857313156,0.011052586138248444,0.0792403519153595,0.011052586138248444,152
