test_loss,test_mae,test_mse,val_loss,val_mae,val_mse,epochs_trained
0.014799716882407665,0.09654548764228821,0.014799716882407665,0.012407543137669563,0.08645171672105789,0.012407543137669563,30
