test_loss,test_mae,test_mse,val_loss,val_mae,val_mse,epochs_trained
0.06103898957371712,0.10040940344333649,0.016722315922379494,0.055376484990119934,0.0890871211886406,0.014163288287818432,136
