test_loss,test_mae,test_mse,val_loss,val_mae,val_mse,epochs_trained
0.018147308379411697,0.10415100306272507,0.018147308379411697,0.01283921580761671,0.08391138166189194,0.01283921580761671,188
