test_loss,test_mae,test_mse,val_loss,val_mae,val_mse,epochs_trained
0.013374769128859043,0.09242932498455048,0.013374769128859043,0.010212691500782967,0.07820203900337219,0.010212691500782967,71
