test_loss,test_mae,test_mse,val_loss,val_mae,val_mse,epochs_trained
0.01618567481637001,0.09699427336454391,0.01618567481637001,0.013165181502699852,0.08643380552530289,0.013165181502699852,179
