test_loss,test_mae,test_mse,val_loss,val_mae,val_mse,epochs_trained
0.022613370791077614,0.11450836062431335,0.022613370791077614,0.017988989129662514,0.1033150926232338,0.017988989129662514,65
