test_loss,test_mae,test_mse,val_loss,val_mae,val_mse,epochs_trained
0.018656015396118164,0.1092812642455101,0.018656015396118164,0.013205730356276035,0.09203101694583893,0.013205730356276035,8
