test_loss,test_mae,test_mse,val_loss,val_mae,val_mse,epochs_trained
0.014340121299028397,0.09780025482177734,0.014340121299028397,0.01123504713177681,0.08047053217887878,0.01123504713177681,58
