test_loss,test_mae,test_mse,val_loss,val_mae,val_mse,epochs_trained
0.01814325712621212,0.11206085234880447,0.01814325712621212,0.013721788302063942,0.09543868154287338,0.013721788302063942,6
