test_loss,test_mae,test_mse,val_loss,val_mae,val_mse,epochs_trained
0.050393540412187576,0.09355620294809341,0.013777205720543861,0.03876196965575218,0.0791168138384819,0.0107455188408494,63
