test_loss,test_mae,test_mse,val_loss,val_mae,val_mse,epochs_trained
0.016896089538931847,0.09937097132205963,0.016896089538931847,0.011442230083048344,0.08129847049713135,0.011442230083048344,156
