test_loss,test_mae,test_mse,val_loss,val_mae,val_mse,epochs_trained
0.05538960173726082,0.09847426414489746,0.014200497418642044,0.04619686305522919,0.08777525275945663,0.01224516425281763,7
