test_loss,test_mae,test_mse,val_loss,val_mae,val_mse,epochs_trained
0.012517385184764862,0.09016851335763931,0.012517385184764862,0.01112166978418827,0.08120246976613998,0.01112166978418827,53
