test_loss,test_mae,test_mse,val_loss,val_mae,val_mse,epochs_trained
0.025341158732771873,0.1302262395620346,0.025341158732771873,0.01330562774091959,0.09222028404474258,0.01330562774091959,7
