test_loss,test_mae,test_mse,val_loss,val_mae,val_mse,epochs_trained
0.07356371730566025,0.10753162950277328,0.02025066502392292,0.047728512436151505,0.08147989213466644,0.01224819477647543,112
