test_loss,test_mae,test_mse,val_loss,val_mae,val_mse,epochs_trained
0.04738393425941467,0.09003396332263947,0.01262090913951397,0.03946860507130623,0.07839680463075638,0.010912740603089333,81
