test_loss,test_mae,test_mse,val_loss,val_mae,val_mse,epochs_trained
0.016011852771043777,0.09865309298038483,0.016011852771043777,0.011703601107001305,0.0805598571896553,0.011703601107001305,187
