test_loss,test_mae,test_mse,val_loss,val_mae,val_mse,epochs_trained
0.059862323105335236,0.10115379095077515,0.014780798926949501,0.04628976434469223,0.08871013671159744,0.011932299472391605,6
