test_loss,test_mae,test_mse,val_loss,val_mae,val_mse,epochs_trained
0.062043171375989914,0.09467444568872452,0.016259433701634407,0.04978262633085251,0.08642645180225372,0.012907156720757484,195
