test_loss,test_mae,test_mse,val_loss,val_mae,val_mse,epochs_trained
0.013928848318755627,0.09309691935777664,0.013928848318755627,0.010745049454271793,0.0798695757985115,0.010745049454271793,69
