test_loss,test_mae,test_mse,val_loss,val_mae,val_mse,epochs_trained
0.06810373812913895,0.10538768023252487,0.018566565588116646,0.04508833959698677,0.0818687230348587,0.011629696004092693,193
