test_loss,test_mae,test_mse,val_loss,val_mae,val_mse,epochs_trained
0.061281509697437286,0.10122068971395493,0.016714109107851982,0.038654740899801254,0.07782858610153198,0.010041880421340466,184
