test_loss,test_mae,test_mse,val_loss,val_mae,val_mse,epochs_trained
0.052400391548871994,0.09477175027132034,0.014303828589618206,0.0371808186173439,0.07653845101594925,0.010227890685200691,84
