test_loss,test_mae,test_mse,val_loss,val_mae,val_mse,epochs_trained
0.058013129979372025,0.09552354365587234,0.01600661128759384,0.04469551891088486,0.0811837911605835,0.011333564296364784,197
