test_loss,test_mae,test_mse,val_loss,val_mae,val_mse,epochs_trained
0.057505182921886444,0.10066825896501541,0.015052897855639458,0.046290911734104156,0.08892364799976349,0.012478968128561974,7
