test_loss,test_mae,test_mse,val_loss,val_mae,val_mse,epochs_trained
0.06329977512359619,0.09979315847158432,0.016435502097010612,0.04930552467703819,0.08680499345064163,0.013233901932835579,148
