test_loss,test_mae,test_mse,val_loss,val_mae,val_mse,epochs_trained
0.05811459943652153,0.09775692224502563,0.015646131709218025,0.05675623565912247,0.08818227797746658,0.014309684745967388,232
