test_loss,test_mae,test_mse,val_loss,val_mae,val_mse,epochs_trained
0.01842026226222515,0.10533832758665085,0.01842026226222515,0.015559910796582699,0.09760601073503494,0.015559910796582699,130
