test_loss,test_mae,test_mse,val_loss,val_mae,val_mse,epochs_trained
0.05671139806509018,0.09877991676330566,0.014288373291492462,0.04402302950620651,0.08736901730298996,0.011653928086161613,7
