test_loss,test_mae,test_mse,val_loss,val_mae,val_mse,epochs_trained
0.06401605159044266,0.10247436165809631,0.017190324142575264,0.053063713014125824,0.08735223859548569,0.013987022452056408,120
