test_loss,test_mae,test_mse,val_loss,val_mae,val_mse,epochs_trained
0.017268631607294083,0.09946738183498383,0.017268631607294083,0.01246420294046402,0.0835072472691536,0.01246420294046402,121
