test_loss,test_mae,test_mse,val_loss,val_mae,val_mse,epochs_trained
0.07578378915786743,0.11130885034799576,0.021230977028608322,0.04102374613285065,0.08111027628183365,0.010670862160623074,96
