test_loss,test_mae,test_mse,val_loss,val_mae,val_mse,epochs_trained
0.016126614063978195,0.0998622328042984,0.016126614063978195,0.012992548756301403,0.0869579017162323,0.012992548756301403,138
