test_loss,test_mae,test_mse,val_loss,val_mae,val_mse,epochs_trained
0.017651140689849854,0.10302037000656128,0.017651140689849854,0.012292636558413506,0.0854259729385376,0.012292636558413506,163
