test_loss,test_mae,test_mse,val_loss,val_mae,val_mse,epochs_trained
0.06862873584032059,0.10867985337972641,0.016833357512950897,0.04709654301404953,0.09088010340929031,0.012363332323729992,6
