test_loss,test_mae,test_mse,val_loss,val_mae,val_mse,epochs_trained
0.013078543357551098,0.09349637478590012,0.013078543357551098,0.011309068650007248,0.08256690204143524,0.011309068650007248,40
