test_loss,test_mae,test_mse,val_loss,val_mae,val_mse,epochs_trained
0.04531005397439003,0.08744055032730103,0.011598160490393639,0.0464087650179863,0.08768165856599808,0.012244943529367447,7
