test_loss,test_mae,test_mse,val_loss,val_mae,val_mse,epochs_trained
0.01628432236611843,0.0947103500366211,0.01628432236611843,0.012244537472724915,0.08465545624494553,0.012244537472724915,182
