test_loss,test_mae,test_mse,val_loss,val_mae,val_mse,epochs_trained
0.014633314684033394,0.09279193729162216,0.014633314684033394,0.014464802108705044,0.0883534625172615,0.014464802108705044,119
