test_loss,test_mae,test_mse,val_loss,val_mae,val_mse,epochs_trained
0.05713166296482086,0.09536073356866837,0.015515273436903954,0.03917998820543289,0.07539181411266327,0.010172276757657528,261
