test_loss,test_mae,test_mse,val_loss,val_mae,val_mse,epochs_trained
0.056508056819438934,0.09340187162160873,0.015281648375093937,0.050068922340869904,0.085074283182621,0.012962346896529198,219
