test_loss,test_mae,test_mse,val_loss,val_mae,val_mse,epochs_trained
0.048559486865997314,0.0921187698841095,0.012983057647943497,0.0403229296207428,0.0809621810913086,0.011177130043506622,70
