test_loss,test_mae,test_mse,val_loss,val_mae,val_mse,epochs_trained
0.013906425796449184,0.0924626886844635,0.013906425796449184,0.011661745607852936,0.08329933881759644,0.011661745607852936,55
