test_loss,test_mae,test_mse,val_loss,val_mae,val_mse,epochs_trained
0.017223311588168144,0.09865912795066833,0.017223311588168144,0.013373959809541702,0.08695138990879059,0.013373959809541702,156
