test_loss,test_mae,test_mse,val_loss,val_mae,val_mse,epochs_trained
0.019063597545027733,0.11217376589775085,0.019063597545027733,0.014675021171569824,0.09667202830314636,0.014675021171569824,6
