test_loss,test_mae,test_mse,val_loss,val_mae,val_mse,epochs_trained
0.07389528304338455,0.10674259066581726,0.0195289496332407,0.043713826686143875,0.0760451927781105,0.010972416028380394,119
