test_loss,test_mae,test_mse,val_loss,val_mae,val_mse,epochs_trained
0.013601161539554596,0.09504304826259613,0.013601161539554596,0.012128960341215134,0.08396543562412262,0.012128960341215134,53
