test_loss,test_mae,test_mse,val_loss,val_mae,val_mse,epochs_trained
0.016179850324988365,0.09872531145811081,0.016179850324988365,0.01127125509083271,0.08055823296308517,0.01127125509083271,138
