test_loss,test_mae,test_mse,val_loss,val_mae,val_mse,epochs_trained
0.051661860197782516,0.08834683895111084,0.013706057332456112,0.04430220648646355,0.07958250492811203,0.01169419102370739,180
