test_loss,test_mae,test_mse,val_loss,val_mae,val_mse,epochs_trained
0.049953341484069824,0.09304282069206238,0.013399160467088223,0.04292004927992821,0.08427354693412781,0.011735976673662663,37
