test_loss,test_mae,test_mse,val_loss,val_mae,val_mse,epochs_trained
0.06448833644390106,0.10530390590429306,0.01649634912610054,0.04877432435750961,0.09224770218133926,0.013225046917796135,7
