test_loss,test_mae,test_mse,val_loss,val_mae,val_mse,epochs_trained
0.018812496215105057,0.10766125470399857,0.018812496215105057,0.011758188717067242,0.08229027688503265,0.011758188717067242,135
