test_loss,test_mae,test_mse,val_loss,val_mae,val_mse,epochs_trained
0.018756432458758354,0.11353917419910431,0.018756432458758354,0.013174304738640785,0.0945715382695198,0.013174304738640785,6
