test_loss,test_mae,test_mse,val_loss,val_mae,val_mse,epochs_trained
0.013478369452059269,0.09179411828517914,0.013478369452059269,0.011115973815321922,0.07940564304590225,0.011115973815321922,68
