test_loss,test_mae,test_mse,val_loss,val_mae,val_mse,epochs_trained
0.01287386566400528,0.09185224026441574,0.01287386566400528,0.01107979379594326,0.08021385967731476,0.01107979379594326,58
