test_loss,test_mae,test_mse,val_loss,val_mae,val_mse,epochs_trained
0.06213268265128136,0.10036583989858627,0.016662735491991043,0.043350741267204285,0.08246974647045135,0.011452672071754932,169
