test_loss,test_mae,test_mse,val_loss,val_mae,val_mse,epochs_trained
0.06720016151666641,0.10713959485292435,0.016948942095041275,0.05331392586231232,0.0950019508600235,0.013928769156336784,7
