test_loss,test_mae,test_mse,val_loss,val_mae,val_mse,epochs_trained
0.012372423894703388,0.08967923372983932,0.012372423894703388,0.01146360021084547,0.08202566206455231,0.01146360021084547,52
