test_loss,test_mae,test_mse,val_loss,val_mae,val_mse,epochs_trained
0.01730242930352688,0.10015767067670822,0.01730242930352688,0.012285949662327766,0.08610325306653976,0.012285949662327766,193
