test_loss,test_mae,test_mse,val_loss,val_mae,val_mse,epochs_trained
0.05004184693098068,0.09276636689901352,0.013634533621370792,0.043343257158994675,0.08354521542787552,0.011856775730848312,28
