test_loss,test_mae,test_mse,val_loss,val_mae,val_mse,epochs_trained
0.018836606293916702,0.10511460900306702,0.018836606293916702,0.01368026528507471,0.090616375207901,0.01368026528507471,144
