test_loss,test_mae,test_mse,val_loss,val_mae,val_mse,epochs_trained
0.060235317796468735,0.09750907868146896,0.016522858291864395,0.043441399931907654,0.0781310498714447,0.011213503777980804,163
