test_loss,test_mae,test_mse,val_loss,val_mae,val_mse,epochs_trained
0.05934895575046539,0.1026880294084549,0.014715873636305332,0.045582499355077744,0.09029407054185867,0.01186293177306652,6
