test_loss,test_mae,test_mse,val_loss,val_mae,val_mse,epochs_trained
0.04909294843673706,0.09169825166463852,0.013555184938013554,0.04179967939853668,0.08130691200494766,0.011334381997585297,42
