test_loss,test_mae,test_mse,val_loss,val_mae,val_mse,epochs_trained
0.01417712215334177,0.08941307663917542,0.01417712215334177,0.013059976510703564,0.08739673346281052,0.013059976510703564,213
