test_loss,test_mae,test_mse,val_loss,val_mae,val_mse,epochs_trained
0.06972016394138336,0.10864094644784927,0.019200928509235382,0.04834073781967163,0.08432109653949738,0.012095343321561813,132
