test_loss,test_mae,test_mse,val_loss,val_mae,val_mse,epochs_trained
0.013543274253606796,0.09209746867418289,0.013543274253606796,0.011050865985453129,0.0810665562748909,0.011050865985453129,65
