test_loss,test_mae,test_mse,val_loss,val_mae,val_mse,epochs_trained
0.057886913418769836,0.09407027065753937,0.015476900152862072,0.04303477331995964,0.07822470366954803,0.011118559166789055,225
