test_loss,test_mae,test_mse,val_loss,val_mae,val_mse,epochs_trained
0.013160363771021366,0.09236788004636765,0.013160363771021366,0.011388572864234447,0.08113382011651993,0.011388572864234447,39
