test_loss,test_mae,test_mse,val_loss,val_mae,val_mse,epochs_trained
0.059394195675849915,0.09855968505144119,0.014469606801867485,0.05010098218917847,0.09334827959537506,0.013162505812942982,6
