test_loss,test_mae,test_mse,val_loss,val_mae,val_mse,epochs_trained
0.013336707837879658,0.09209657460451126,0.013336707837879658,0.011973106302320957,0.08433078229427338,0.011973106302320957,28
