test_loss,test_mae,test_mse,val_loss,val_mae,val_mse,epochs_trained
0.04866946116089821,0.09323134273290634,0.01315921451896429,0.042723625898361206,0.08193095028400421,0.011718559078872204,45
