test_loss,test_mae,test_mse,val_loss,val_mae,val_mse,epochs_trained
0.015995895490050316,0.09315241128206253,0.015995895490050316,0.013099792413413525,0.08695263415575027,0.013099792413413525,170
