test_loss,test_mae,test_mse,val_loss,val_mae,val_mse,epochs_trained
0.020345039665699005,0.11712507158517838,0.020345039665699005,0.013732980005443096,0.09795764833688736,0.013732980005443096,6
