test_loss,test_mae,test_mse,val_loss,val_mae,val_mse,epochs_trained
0.02166919782757759,0.11285609751939774,0.02166919782757759,0.011766522191464901,0.07862088829278946,0.011766522191464901,135
