test_loss,test_mae,test_mse,val_loss,val_mae,val_mse,epochs_trained
0.013151928782463074,0.09133133292198181,0.013151928782463074,0.010407092049717903,0.0779329240322113,0.010407092049717903,84
