test_loss,test_mae,test_mse,val_loss,val_mae,val_mse,epochs_trained
0.013891334645450115,0.0885181576013565,0.013891334645450115,0.01267977338284254,0.08669599145650864,0.01267977338284254,206
