test_loss,test_mae,test_mse,val_loss,val_mae,val_mse,epochs_trained
0.015812428668141365,0.0937480702996254,0.015812428668141365,0.0129528334364295,0.08684738725423813,0.0129528334364295,159
