test_loss,test_mae,test_mse,val_loss,val_mae,val_mse,epochs_trained
0.06186996400356293,0.10269667953252792,0.015321466140449047,0.05269087851047516,0.09588508307933807,0.01397346518933773,6
