test_loss,test_mae,test_mse,val_loss,val_mae,val_mse,epochs_trained
0.04817281663417816,0.09065697342157364,0.012944260612130165,0.04170437157154083,0.08115651458501816,0.011396626010537148,70
