test_loss,test_mae,test_mse,val_loss,val_mae,val_mse,epochs_trained
0.056935716420412064,0.09519172459840775,0.015329196117818356,0.048300910741090775,0.08443524688482285,0.012310474179685116,231
