test_loss,test_mae,test_mse,val_loss,val_mae,val_mse,epochs_trained
0.05288298800587654,0.09560491144657135,0.014106874354183674,0.040977593511343,0.08062135428190231,0.01127026416361332,47
