test_loss,test_mae,test_mse,val_loss,val_mae,val_mse,epochs_trained
0.013235489837825298,0.09243273735046387,0.013235489837825298,0.011182965710759163,0.08128543198108673,0.011182965710759163,59
