test_loss,test_mae,test_mse,val_loss,val_mae,val_mse,epochs_trained
0.05341416224837303,0.09678788483142853,0.014046608470380306,0.0452737994492054,0.08898317813873291,0.012061690911650658,7
