test_loss,test_mae,test_mse,val_loss,val_mae,val_mse,epochs_trained
0.012734116986393929,0.08984773606061935,0.012734116986393929,0.011148680001497269,0.08086785674095154,0.011148680001497269,50
