test_loss,test_mae,test_mse,val_loss,val_mae,val_mse,epochs_trained
0.048509955406188965,0.09179554879665375,0.013181544840335846,0.040716350078582764,0.08004225790500641,0.011109619401395321,44
