test_loss,test_mae,test_mse,val_loss,val_mae,val_mse,epochs_trained
0.012834292836487293,0.08997635543346405,0.012834292836487293,0.011477320455014706,0.08204302191734314,0.011477320455014706,47
