test_loss,test_mae,test_mse,val_loss,val_mae,val_mse,epochs_trained
0.04802551120519638,0.09142535924911499,0.013094193302094936,0.03831978142261505,0.07771860063076019,0.01056809164583683,72
