test_loss,test_mae,test_mse,val_loss,val_mae,val_mse,epochs_trained
0.01291610673069954,0.09186441451311111,0.01291610673069954,0.011178852058947086,0.08046894520521164,0.011178852058947086,46
