test_loss,test_mae,test_mse,val_loss,val_mae,val_mse,epochs_trained
0.048781752586364746,0.0913606807589531,0.013224721886217594,0.04242248088121414,0.0811750665307045,0.011508425697684288,47
