test_loss,test_mae,test_mse,val_loss,val_mae,val_mse,epochs_trained
0.045059528201818466,0.08781059086322784,0.012076698243618011,0.04075620695948601,0.07985641062259674,0.011182371526956558,46
