test_loss,test_mae,test_mse,val_loss,val_mae,val_mse,epochs_trained
0.056260962039232254,0.09251520782709122,0.015287749469280243,0.0498836413025856,0.08461498469114304,0.013169502839446068,205
