test_loss,test_mae,test_mse,val_loss,val_mae,val_mse,epochs_trained
0.06878634542226791,0.10878418385982513,0.019250821322202682,0.04249710962176323,0.07874520123004913,0.0110477888956666,163
