test_loss,test_mae,test_mse,val_loss,val_mae,val_mse,epochs_trained
0.01216417457908392,0.08919049054384232,0.01216417457908392,0.010449712164700031,0.07759308069944382,0.010449712164700031,72
