test_loss,test_mae,test_mse,val_loss,val_mae,val_mse,epochs_trained
0.05078974366188049,0.09366568177938461,0.013745922595262527,0.04068654030561447,0.08020013570785522,0.011277764104306698,89
