test_loss,test_mae,test_mse,val_loss,val_mae,val_mse,epochs_trained
0.04830912500619888,0.09197749942541122,0.012992395088076591,0.040522631257772446,0.08114523440599442,0.01113356463611126,52
