test_loss,test_mae,test_mse,val_loss,val_mae,val_mse,epochs_trained
0.017444949597120285,0.09725219011306763,0.017444949597120285,0.01344629842787981,0.08890422433614731,0.01344629842787981,152
