test_loss,test_mae,test_mse,val_loss,val_mae,val_mse,epochs_trained
0.012991975992918015,0.08998327702283859,0.012991975992918015,0.010852945037186146,0.07979409396648407,0.010852945037186146,50
