test_loss,test_mae,test_mse,val_loss,val_mae,val_mse,epochs_trained
0.01727246679365635,0.09941119700670242,0.01727246679365635,0.011074578389525414,0.07832708954811096,0.011074578389525414,165
