test_loss,test_mae,test_mse,val_loss,val_mae,val_mse,epochs_trained
0.016405219212174416,0.10262583941221237,0.016405219212174416,0.013101286254823208,0.09218233078718185,0.013101286254823208,7
