test_loss,test_mae,test_mse,val_loss,val_mae,val_mse,epochs_trained
0.01794656179845333,0.10229429602622986,0.01794656179845333,0.01326955296099186,0.08637350797653198,0.01326955296099186,135
