test_loss,test_mae,test_mse,val_loss,val_mae,val_mse,epochs_trained
0.013175220228731632,0.09117257595062256,0.013175220228731632,0.01200875174254179,0.08378317952156067,0.01200875174254179,40
