test_loss,test_mae,test_mse,val_loss,val_mae,val_mse,epochs_trained
0.06307575106620789,0.10137879848480225,0.016978750005364418,0.04084530472755432,0.0802488848567009,0.010676596313714981,157
