test_loss,test_mae,test_mse,val_loss,val_mae,val_mse,epochs_trained
0.015968535095453262,0.09794361144304276,0.015968535095453262,0.01514953002333641,0.09420941770076752,0.01514953002333641,116
