test_loss,test_mae,test_mse,val_loss,val_mae,val_mse,epochs_trained
0.019080067053437233,0.10939031839370728,0.019080067053437233,0.014448284171521664,0.09129910171031952,0.014448284171521664,109
