test_loss,test_mae,test_mse,val_loss,val_mae,val_mse,epochs_trained
0.015110463835299015,0.09581666439771652,0.015110463835299015,0.012921791523694992,0.08476480096578598,0.012921791523694992,197
