test_loss,test_mae,test_mse,val_loss,val_mae,val_mse,epochs_trained
0.057928845286369324,0.09868738800287247,0.01588601805269718,0.04350443184375763,0.08085358887910843,0.011374318040907383,198
