test_loss,test_mae,test_mse,val_loss,val_mae,val_mse,epochs_trained
0.015314781107008457,0.1016158014535904,0.015314781107008457,0.01308735553175211,0.09025605022907257,0.01308735553175211,7
