test_loss,test_mae,test_mse,val_loss,val_mae,val_mse,epochs_trained
0.050223033875226974,0.0935027077794075,0.013447822071611881,0.04512808844447136,0.08344782888889313,0.012395290657877922,46
