test_loss,test_mae,test_mse,val_loss,val_mae,val_mse,epochs_trained
0.05909297242760658,0.096488356590271,0.0155952675268054,0.0441150888800621,0.08109301328659058,0.011438201181590557,231
