test_loss,test_mae,test_mse,val_loss,val_mae,val_mse,epochs_trained
0.014687640592455864,0.09295231103897095,0.014687640592455864,0.011498621664941311,0.08266820758581161,0.011498621664941311,47
