test_loss,test_mae,test_mse,val_loss,val_mae,val_mse,epochs_trained
0.06438831239938736,0.09871814399957657,0.01680377684533596,0.045976217836141586,0.08181730657815933,0.011727370321750641,131
