test_loss,test_mae,test_mse,val_loss,val_mae,val_mse,epochs_trained
0.015383373014628887,0.0992889329791069,0.015383373014628887,0.012494796887040138,0.08609910309314728,0.012494796887040138,143
