test_loss,test_mae,test_mse,val_loss,val_mae,val_mse,epochs_trained
0.017034338787198067,0.10284949094057083,0.017034338787198067,0.015650801360607147,0.09480351954698563,0.015650801360607147,105
