test_loss,test_mae,test_mse,val_loss,val_mae,val_mse,epochs_trained
0.06057920679450035,0.0972532406449318,0.01663784123957157,0.04849984124302864,0.08214446902275085,0.012557192705571651,197
