test_loss,test_mae,test_mse,val_loss,val_mae,val_mse,epochs_trained
0.07449043542146683,0.10866761207580566,0.019274374470114708,0.05757749453186989,0.09210006892681122,0.014413862489163876,93
