test_loss,test_mae,test_mse,val_loss,val_mae,val_mse,epochs_trained
0.047967977821826935,0.09143814444541931,0.01290186122059822,0.039864953607320786,0.07934598624706268,0.010961739346385002,66
