test_loss,test_mae,test_mse,val_loss,val_mae,val_mse,epochs_trained
0.06676648557186127,0.10054340213537216,0.018002314493060112,0.047916557639837265,0.0812462568283081,0.012341690249741077,165
