test_loss,test_mae,test_mse,val_loss,val_mae,val_mse,epochs_trained
0.06493696570396423,0.10502364486455917,0.01624711975455284,0.045939501374959946,0.08909264951944351,0.01215788908302784,7
