test_loss,test_mae,test_mse,val_loss,val_mae,val_mse,epochs_trained
0.019760318100452423,0.10498632490634918,0.019760318100452423,0.011602797545492649,0.08380169421434402,0.011602797545492649,130
