test_loss,test_mae,test_mse,val_loss,val_mae,val_mse,epochs_trained
0.04793223366141319,0.0917043536901474,0.01273433119058609,0.04094061627984047,0.08097461611032486,0.01125534437596798,60
