test_loss,test_mae,test_mse,val_loss,val_mae,val_mse,epochs_trained
0.014583652839064598,0.09536707401275635,0.014583652839064598,0.011213934049010277,0.0812307819724083,0.011213934049010277,70
