test_loss,test_mae,test_mse,val_loss,val_mae,val_mse,epochs_trained
0.013521837070584297,0.08585686981678009,0.013521837070584297,0.011534688994288445,0.07969266176223755,0.011534688994288445,259
