test_loss,test_mae,test_mse,val_loss,val_mae,val_mse,epochs_trained
0.06373921036720276,0.10231410712003708,0.017146172001957893,0.050786156207323074,0.08647013455629349,0.013141374103724957,147
